loss_rate,wavelet_psnr,wavelet_ssim,dct_psnr,dct_ssim
0.000000000000000000e+00,4.784654900177396541e+01,9.968539978615723607e-01,3.084279280944669921e+01,9.793943009296689484e-01
1.499999999999999944e-01,3.368423487083664725e+01,9.499493039479161016e-01,2.196456315521717073e+01,8.746833922423270513e-01
2.999999999999999889e-01,2.344386159252515967e+01,8.681590793375506543e-01,1.675172004376166512e+01,6.982006691908881901e-01
